summary,size
count,1000000
mean,4999.459582
stddev,50.00528428990022
min,4764
max,5239
